id;customerId;photo
1000001;2000002;38393530344534373044304131413041303030303030304434393438343435323030303030323838303030303032383830383036303030303030463334393042424130303030303030343637343134443431303030304231384537434642353139333030303030303230363334383532344430303030383730463030303038433046303030304644353230303030383134303030303037443739303030304539384230303030334345353030303031394343373333433835373730303030304132463639343334333530343934333433323035303732364636363639364336353030303034384337394439363737353435344437313638374346424437373741413143443330443231393741393332453330383046343245323031443034353131383636303631384341303043333043344436433838413834303434313131313031343539304130383030314133413134384143383836323231323841383630304634383130353036323330384141384138363434364436344137433739373945464535453546374337424444464441363745463733463744393742394642353245303032343446314632453246303539363032323039393237453030373741333844333537383534374430423146443030303637383830303141363030333035394539413942453431454543313430323432463337313737414241433830394643384244453043303134384643424536354538453934464137383346463446443241433534424530303030433835464334453636433445334134424334463932323445434131344134384145443333323241364336323438413139343638393939324634413530433437323632384535424534413539463744313644393531434345433634314535424334453239433533443943393643333146373838373837423836393032333632433434374334303531393543344541363838364638423538333334393938434331354631354237313643333238373939304530303841323442363042333841433738313139423838393843343046304537343131463137323030373041344238324633384536304231363730423230344532343342394134413436364633423937314631303242413245344238463645364136444344413037423732333239333338303238314131334639333935433845344233453932453239433941393443354533363030384236374645324331393731364445394132323235423941354135423541314139413139393937453531413846464241463833373235454545443232424430414638444333333838443646373837454441464643353245413030363043433841364142334542304635424343374530303341423630323230373746463046394245363231303032343435374436424246
1000002;2000002;46464438464645303030313034413436343934363030303130323031303132433031324330303030464645313142354434353738363936363030303034393439324130303038303030303030304130303046303130323030303630303030303038363030303030303130303130323030304530303030303038433030303030303132303130333030303130303030303030313030303030303141303130353030303130303030303039413030303030303142303130353030303130303030303041323030303030303238303130333030303130303030303030323030303030303331303130323030314330303030303041413030303030303332303130323030313430303030303043363030303030303133303230333030303130303030303030323030303030303639383730343030303130303030303044433030303030304343303430303030343336313645364636453030343336313645364636453230343534463533323033363330343430304330433632443030313032373030303043304336324430303130323730303030343136343646363236353230353036383646373436463733363836463730323034333533333432303537363936453634364637373733303033323330333133353341333033363341333133373230333133303341333133333341333433323030303030303235303039413832303530303031303030303030394530323030303039443832303530303031303030303030413630323030303032323838303330303031303030303030303730303030303032373838303330303031303030303030393030313030303033303838303330303031303030303030303230303030303033323838303430303031303030303030393030313030303030303930303730303034303030303030333033323333333030333930303230303134303030303030414530323030303030343930303230303134303030303030433230323030303030313931303730303034303030303030303130323033303030313932304130303031303030303030443630323030303030323932303530303031303030303030444530323030303030343932304130303031303030303030453630323030303030373932303330303031303030303030303530303030303030393932303330303031303030303030303930303030303030413932303530303031303030303030454530323030303038363932303730303038303130303030463630323030303039303932303230303033303030303030333033303030303039313932303230303033303030303030333033303030303039323932303230303033303030303030333033303030303030304130303730303034303030303030333033313330333030314130303330303031303030303030
1000003;2000002;38393530344534373044304131413041303030303030304434393438343435323030303030323838303030303032383830383036303030303030463334393042424130303030303030343637343134443431303030304231384537434642353139333030303030303230363334383532344430303030383730463030303038433046303030304644353230303030383134303030303037443739303030304539384230303030334345353030303031394343373333433835373730303030304132463639343334333530343934333433323035303732364636363639364336353030303034384337394439363737353435344437313638374346424437373741413143443330443231393741393332453330383046343245323031443034353131383636303631384341303043333043344436433838413834303434313131313031343539304130383030314133413134384143383836323231323841383630304634383130353036323330384141384138363434364436344137433739373945464535453546374337424444464441363745463733463744393742394642353245303032343446314632453246303539363032323039393237453030373741333844333537383534374430423146443030303637383830303141363030333035394539413942453431454543313430323432463337313737414241433830394643384244453043303134384643424536354538453934464137383346463446443241433534424530303030433835464334453636433445334134424334463932323445434131344134384145443333323241364336323438413139343638393939324634413530433437323632384535424534413539463744313644393531434345433634314535424334453239433533443943393643333146373838373837423836393032333632433434374334303531393543344541363838364638423538333334393938434331354631354237313643333238373939304530303841323442363042333841433738313139423838393843343046304537343131463137323030373041344238324633384536304231363730423230344532343342394134413436364633423937314631303242413245344238463645364136444344413037423732333239333338303238314131334639333935433845344233453932453239433941393443354533363030384236374645324331393731364445394132323235423941354135423541314139413139393937453531413846464241463833373235454545443232424430414638444333333838443646373837454441464643353245413030363043433841364142334542304635424343374530303341423630323230373746463046394245363231303032343435374436424246
1000010;2000003;89504E470D0A1A0A0000000D49484452000001B500000073080300000028B26CF2000000C3504C5445FFFFFF94C11E383B408FBE0091C012B4D26A90BF0092C018B3D26DE9F2D3F8FBEF96C41D92C015C4DC8E97C325D3E5ACD4E5B0DFECC3A4CA43ABCD5A323141343541363840353641BAD67A312F41FCFDF82E2B4298C71DBCD780DBEABBF5F9EAECF4DB5E73356B8630E4EFCBFBFDF4799A2BA8CC5181A5279CC62FF0F6E1627934CDE1A08DB7223B3F3E444C3C708C2E5363384E5C3A88AF24586A37A0C83CC8DE95C2DB8946503C7DA02875932D515F39ABCE573E433E647C338AB222CCE0A24A563B1F91DE94000011A149444154789CED5D7B43A24E170E074105D114F18697D2BCA49B9BA95B6BBFEAFB7FAA1794CB992B5824FB1ACF5FBB35D0300FE7CCB90E5757A7A1332EF62BDB567D3F71502FECDEABD783CE89F7C8704E0CAECBF91942489165F5085D76FE8BE45AAF32CCA8FB17512C4F7424EBAAC4802A236593EF97D29E63060CC39D8490CE220C3287F6D54CE2FE158C2B352433658C848E94DE30EDE9667030281B28166547C8CAFE3AED29FF788C7B8A1C9F324FE06A196F69A2B33D9933172A9A14D39EFACF457F863EC1D941DE94566650A68252FD94FD8C04D2FA693FC04F4455115BFAD1BCE533713B333AADCF2AC710B291592567C57CF375D25CAB6491F683FC245C7F65478340F92C58722EBC2721681E6DB571DA4FF343504E8E346773DB0CD27E9E1F815E92A439AE9B314FFB897E0012262DA3ED1CD89D409A7644D430D5C81CB7EFC5220E699A66BB642DD75317EBA54B9F2D604FDF6426C977A21F499A664BCBE9EAFEEF43B3DB6D1FD1ED5A7F9E6E9F9792CD234E9E640EC0F7A1A84451B6BCBBF9B0DA66A369E520AC66A3DDFC73FFCC230EB5D27EB4CBC5782672AE1DCA561F39B381F305A96B98AFF76B366FA892F6C35D2CEA82649A263DFFEE9A5CC602E2BA8F53366D59C6ED7B20B04434E9E54FB71941D911CDF6E3D4A6EFA06EB2ADED3B30E792A6D9770F916206786BDC48B4BCA15EDA0F7891A8F1F269F6FAA31D9F33178D1C434DA251DA4F7881E0858C35E9F60439F360B56F29DAD459DA8F787928B1AB8A25EDEDC33C953317E613451BDAA6FD90178716DB7EB49F73F18C109AB6BFD4CDE42CFC9F2C38A688F6D23D593B06B4FDA658CB7CED64C176D5B4DBF667397369BB213D00258BFE27892153D4EC2F9196CBB557046D7221ED07BD28E459A266AFBA5F222D97EBAE099304653B5B7298B3A2C6DADDD724CD41F383DCD932573B39B02A45B475EED386480093D091AA94254813033341F3F049931FC2FAB524546416FB4F0AAC5CA87D13C7B9B61AA6D9EE76DD841B47D88818893A8939A7CE7CF4BE2D97CBDB6A31F1BDB033BFAE2C16FD6194DC3BE3DECBBB5D39C65007836265BBEBF576
1000011;2000003;89504E470D0A1A0A0000000D4948445200000513000002CF0806000000F16457F3000000017352474200AECE1CE90000000467414D410000B18F0BFC6105000000097048597300000EC300000EC301C76FA8640000F2BE49444154785EECFD3F086D6B76DD89DE50E10B9D0A3AA9D0A1C25668E8A443A78E1AE1A0310E8C3118213A10C641233A30E2050675562F78500E0CE5E4811C18E440500E0472E0A002051538A8C06D9F77BF53775E8D336ACC3FDF5A6BFF1F1FFCBCBE39C698F35B7BED7DAAEA6E6F9DFBDD3FFFE7FFFC8B31C618638C31C618638C31C6747CFD32D1CBCBCBCBCBEB69D6FFD0FC8FFFFE1B94B7081FE972CA3FCA746677FED457DE2D999E2B73AB0E5007BAF9E123554E791547FB9898737456D7DFF9B7A23DF3FFF99EE9BD75BEA09B1BFE4E4EF947C1B9D5EC2E73D63FCD9A2B664FCF4CEF6FD5457F377FEAEFE4949F817D557FE555E0DC6A46E55D82979797979757B37EF6EFFEC25F267A797979793DE1C27F9A322FC87A0FFD3EBE37B7787FFD99796EA67FAEA739F39478797979797935EBE7FFEE17FE32D1CBCBCBCBEBF9D6FFF81FFFC318638C3177C6CBCBCBCBCBAB5BFE65A297979797D753AEF5DB08638C31C6DC172F2F2F2F2FAF6EF997895E5E5E5E5E5E5E5E5E5E5E5E5E5E5E5E5E5E5EA3E55F267A797979793DE7FAEFFFCFDFA2FE4EA7CEFFF1EFEC5AFC507FD3D3F9384BF05B5998F3E3BE2272D0F7CDCCCEC75940E74FF9EFDF1F1828FFB780FBFC71CFFE7A0DDFFF3F5FE1D7127D91533EE6622EF05B3D02CC44AECA5F099F5B12AF135E77D7DFF93BFCD62CB80F792F3FE812E8FFB1476580DF9ABFE967FCD8C3677F7FDD99F95B5998F3E35EF0634FE4A0EF9B999D0F3383CE477EFCB31DF313FF6B46F85FFBE8FE7E2B837CEFE34CBCCFAF579CB7B23FF891617ECB5F7D718DBDE0C79EC8411FCEFC31F7430FCE887CD5FF5BF91FC04CE464FEE47CE5EDE0E5E5E5E5E5D52CFF32D1CBCBCBCBCBCBCBCBCBCBCBCBCBCBCBCBCBCB6BB4FCCB442F2F2F2F2F2F2F2F2F2F2F2F2F2F2F2F2F2FAFD1F22F13BDBCBCBCBCBCBCBCBCBCBCBCBCBCBCBCBCBCBC46CBBF4CF4F2F2F2F2F2F2F2F2F2F2F2F2F2F2F2F2F2F21AAD6F7F99F8DFBE578C31C618638C31C618638C3106F961F997892FBA7EE77FFA83AF7CCAFAF1F5C287D7CBCBCBCBCBCBCBCBCBCBCBCBCBCBCBCBEBBEEBD42F13E30B1EC5D755F4EC7A8BCE6722AFF8BA2EEED9F5169DAFC87A42577C5D94C79E1DAFD5D7523A68A857A83C6AC618638C31C618638C39C71FFDE11F7DBFF96109FF963CF26CB3C90FEBD42F137FFC7287D6375FFAD03AE2859EF9BCBEC98A55CDC9FA463D377C4DB8B29E1F755A597EAD235EA7B3D7E5A72B9BE3E5E5E5E5E5E5E5E5E5E5E5E5E5F5096B7DF15671F49F97BFF63E683DF26CAF63EB9B5F26FEFAFB0F
1000012;2000003;89504E470D0A1A0A0000000D4948445200000519000002CD0806000000AB8E6631000000017352474200AECE1CE90000000467414D410000B18F0BFC6105000000097048597300000EC300000EC301C76FA8640000D5E449444154785EECFD31A86DDB769E899ED0E10B9D0A2A51E850A1151A2AA9D0A9A34238288403630C46880A8471F0101518F102832ABB2F78701D186E250FE4C0200782EB4020070E6EE0E0060E6EE0E7DAEFF47D4FDBFACF7F5AEBADF731E65C738C35BF0F3ECFD1DBDF5A1F63CEB5F6BE670E0F9DF3DDBFF817FFE20B222222222222222222E251BFDE64FCC5FFF5CB2F00000057E47F202222E2870B0000D031EE27FEEA57BFF9EAB79B8C3FFFBFFEF2871800000000000000000060CEB89FF8939B8C3CC908000097E57FFCFFFED6FFFB7FFCD42EFFBFBFDFE39B3FAC7F34D3E5BA57E24F7A659F6FC733A34FE67EB46797EB5E6297AFFA3FBE3F6198E53F51AEF3DBB1E7E33D7CFFFF7CD5DF4BCC455F966B5FEC2BFE6426517BA26FD6FF48FDBC53E37DCAFBEEE6BB7CC79FEC25D7915ECB0FF55499FF3693F5883FD97F33AFFC36E3E7FEFE7567CF9FF4CA3EDF8E13BFCD449FCCFD68CF2E973DC32E57BFFDD98EFD8BFC6B4F927F9DB3EBFB498FFA7DAE7BEA757E7DD5FD46EF0F79F4B83FC9C75CBCC671E2B799E89339DDF35BDF0F33BA47F4CFE67FD2FF83DA137D69FFC9FDB36C47000080069E640400000000000000008053F024230000000000000000009C822719010000000000000000E0143CC908000000000000000000A7587B92F1BF232222222222222222229A3FC0938C9F8CBFF33FFDC157DF856FEF577EA90100000000000000E06379CA938C71E327F32B9399DD6CD8E56EF4677EE5C133BBD9B0CB33AB99A8677EC5FA7566276BEB83AC2E35ADCFCCFAB58688888888888888E7FCE33FFAE3EF0F7E20C99FE92BCF8D9BFEC0539E64FC76D3C7F8D1CD20E34816F52A777ED49B30DBA79A5B9A79E27B52AA996F75A3EA1F1CC9BABA675DFF2AD53E00000000000000EFC0B82137F3E8F7E5AFB32FE295E786632C3DC9F89BEF7F1977D49B44ABD9B7BAD456B2957C183D59A67EDBABBA3EABCFB26F75A9AD642B796635F3AD6ED737CBBED5A5D6655DDDB3AEDFAFA9B2DA07111111111111F11D1C37E47EF9577F99FAED46E3E2776C556FF465F9335D39F71FFCC92FBFFCDEFFFAE7A9239BCDE2E30CD69E641C031BEA4DA2D5EC5B5D6A2BD9F0481EB5F0EB87625956FB8AD467D9B7BAD456B26197BBB3FE6FD96031FB56975A9775F5307E09635DF57FC5B2CA98D19FD911BFFBEEBB748FAA8E888888888888F86A6737198771A371F77BADDEE8CBF2CC9FFDD59F7FF9C37FFB8FBEFC837FF37B5F1DC7A336CEBD73FE95738F9B89BFFCD56FBEFCC55FFFEAABE3381CD95792B923FEFA3FFFC5975F
1000013;2000004;FFD8FFE102B045786966000049492A00080000000C000001040001000000200A00000101040001000000980700000F010200080000009E0000001001020009000000A60000001201030001000000080000001A01050001000000B00000001B01050001000000B8000000280103000100000002000000310102000E000000C00000003201020014000000CE0000001302030001000000010000006987040001000000E20000000000000073616D73756E6700534D2D47393235460000480000000100000048000000010000004739323546585855364552433100323031383A31313A30322031353A35333A33370015009A82050001000000E40100009D82050001000000EC01000022880300010000000200000027880300010000007D0000000090070004000000303232300390020014000000F401000004900200140000000802000005920500010000001C0200000792030001000000050000000992030001000000000000000A92050001000000240200007C920700620000002C02000000A00700040000003031303001A00300010000000100000002A0040001000000200A000003A00400010000009807000002A40300010000000000000003A40300010000000000000005A40300010000001600000006A40300010000000000000020A40200190000008E020000000000000100000021000000130000000A000000323031383A31313A30322031353A35333A333700323031383A31313A30322031353A35333A3337006C070000E8030000DC0000006400000007000100070004000000303130300200040001000000002001000C000400010000000000000010000500010000005A0000004000040001000000000000005000040001000000010000000001030001000000000000000000000000000000000000004230354C4C48413031504D204230354C4C48413031504D0A0000FFE000104A46494600010102003B003B0000FFDB00430001010101010101010101010101010102010101010102010101020202020202020202030304030303030302020304030304040404040203050504040504040404FFDB00430101010101010102010102040302030404040404040404040404040404040404040404040404040404040404040404040404040404040404040404040404040404FFC000110807980A2003012200021101031101FFC4001F0000010501010101010100000000000000000102030405060708090A0BFFC400B5100002010303020403050504040000017D01020300041105122131410613516107227114328191A1082342B1C11552D1F02433627282090A161718191A25262728292A3435363738393A434445464748494A535455565758595A636465666768696A737475767778797A838485868788898A929394959697
1000014;2000004;FFD8FFE102B045786966000049492A00080000000C000001040001000000200A00000101040001000000980700000F010200080000009E0000001001020009000000A60000001201030001000000080000001A01050001000000B00000001B01050001000000B8000000280103000100000002000000310102000E000000C00000003201020014000000CE0000001302030001000000010000006987040001000000E20000000000000073616D73756E6700534D2D47393235460000480000000100000048000000010000004739323546585855364552433100323031383A31313A30322031353A35333A33390015009A82050001000000E40100009D82050001000000EC01000022880300010000000200000027880300010000007D0000000090070004000000303232300390020014000000F401000004900200140000000802000005920500010000001C0200000792030001000000050000000992030001000000000000000A92050001000000240200007C920700620000002C02000000A00700040000003031303001A00300010000000100000002A0040001000000200A000003A00400010000009807000002A40300010000000000000003A40300010000000000000005A40300010000001600000006A40300010000000000000020A40200190000008E020000000000000100000021000000130000000A000000323031383A31313A30322031353A35333A333900323031383A31313A30322031353A35333A3339006C070000E8030000DC0000006400000007000100070004000000303130300200040001000000002001000C000400010000000000000010000500010000005A0000004000040001000000000000005000040001000000010000000001030001000000000000000000000000000000000000004230354C4C48413031504D204230354C4C48413031504D0A0000FFE000104A46494600010102003B003B0000FFDB00430001010101010101010101010101010102010101010102010101020202020202020202030304030303030302020304030304040404040203050504040504040404FFDB00430101010101010102010102040302030404040404040404040404040404040404040404040404040404040404040404040404040404040404040404040404040404FFC000110807980A2003012200021101031101FFC4001F0000010501010101010100000000000000000102030405060708090A0BFFC400B5100002010303020403050504040000017D01020300041105122131410613516107227114328191A1082342B1C11552D1F02433627282090A161718191A25262728292A3435363738393A434445464748494A535455565758595A636465666768696A737475767778797A838485868788898A929394959697
1000015;2000004;FFD8FFE102B045786966000049492A00080000000C000001040001000000200A00000101040001000000980700000F010200080000009E0000001001020009000000A60000001201030001000000080000001A01050001000000B00000001B01050001000000B8000000280103000100000002000000310102000E000000C00000003201020014000000CE0000001302030001000000010000006987040001000000E20000000000000073616D73756E6700534D2D47393235460000480000000100000048000000010000004739323546585855364552433100323031383A31313A30322031353A35333A34350015009A82050001000000E40100009D82050001000000EC0100002288030001000000020000002788030001000000A00000000090070004000000303232300390020014000000F401000004900200140000000802000005920500010000001C0200000792030001000000050000000992030001000000000000000A92050001000000240200007C920700620000002C02000000A00700040000003031303001A00300010000000100000002A0040001000000200A000003A00400010000009807000002A40300010000000000000003A40300010000000000000005A40300010000001600000006A40300010000000000000020A40200190000008E020000000000000100000021000000130000000A000000323031383A31313A30322031353A35333A343500323031383A31313A30322031353A35333A3435006C070000E8030000DC0000006400000007000100070004000000303130300200040001000000002001000C000400010000000000000010000500010000005A0000004000040001000000000000005000040001000000010000000001030001000000000000000000000000000000000000004230354C4C48413031504D204230354C4C48413031504D0A0000FFE000104A46494600010102003B003B0000FFDB00430001010101010101010101010101010102010101010102010101020202020202020202030304030303030302020304030304040404040203050504040504040404FFDB00430101010101010102010102040302030404040404040404040404040404040404040404040404040404040404040404040404040404040404040404040404040404FFC000110807980A2003012200021101031101FFC4001F0000010501010101010100000000000000000102030405060708090A0BFFC400B5100002010303020403050504040000017D01020300041105122131410613516107227114328191A1082342B1C11552D1F02433627282090A161718191A25262728292A3435363738393A434445464748494A535455565758595A636465666768696A737475767778797A838485868788898A929394959697
1000016;2000005;FFD8FFE000104A46494600010100004800480000FFE107AE4578696600004D4D002A00000008000A010F0002000000060000008601100002000000090000008C011200030000000100060000011A00050000000100000096011B0005000000010000009E0128000300000001000200000131000200000007000000A60132000200000014000000AE8769000400000001000000C28825000400000001000006AC000000004170706C65006950686F6E65203700000000004800000001000000480000000131322E302E310000323031383A31313A30332031343A30373A323800001F829A0005000000010000023C829D00050000000100000244882200030000000100020000882700030000000100A0000090000007000000043032323190030002000000140000024C9004000200000014000002609101000700000004010203009201000A000000010000027492020005000000010000027C9203000A00000001000002849204000A000000010000028C920700030000000100050000920900030000000100190000920A00050000000100000294927C0007000003C60000029C929100020000000435353200929200020000000435353200A00000070000000430313030A00100030000000100010000A00200040000000100000C10A00300040000000100000910A21700030000000100020000A30100070000000101000000A40200030000000100000000A40300030000000100000000A40500030000000100200000A40600030000000100000000A43200050000000400000662A43300020000000600000682A434000200000023000006880000000000000001000000140000000B00000005323031383A31313A30332031343A30373A323800323031383A31313A30332031343A30373A3238000000D7AD000031E7000295F7000122F900008D4300008B6900000000000000010000011F000000644170706C6520694F530000014D4D001200010009000000010000000A000200070000022E000000EC00030007000000680000031A0004000900000001000000000005000900000001000000CB0006000900000001000000830007000900000001000000010008000A0000000300000382000E00090000000100000004001400090000000100000002001600020000001D0000039A001700090000000100000000001900090000000100000000001A000200000006000003B8001F000900000001000000000025000900000001000000000026000900000001000000000027000A00000001000003BE0000000062706C69737430304F110200A901B301B801B001A00178012301D30096007000580079008300A3009D00AA00840188018A018601750152010D01B4006B004B004F00740078008B0071008B004101440142013D012F010F01AF00
1000017;2000005;FFD8FFE000104A46494600010100004800480000FFE107AE4578696600004D4D002A00000008000A010F0002000000060000008601100002000000090000008C011200030000000100060000011A00050000000100000096011B0005000000010000009E0128000300000001000200000131000200000007000000A60132000200000014000000AE8769000400000001000000C28825000400000001000006AC000000004170706C65006950686F6E65203700000000004800000001000000480000000131322E302E310000323031383A31313A30332031343A30373A333800001F829A0005000000010000023C829D000500000001000002448822000300000001000200008827000300000001007D000090000007000000043032323190030002000000140000024C9004000200000014000002609101000700000004010203009201000A000000010000027492020005000000010000027C9203000A00000001000002849204000A000000010000028C920700030000000100050000920900030000000100190000920A00050000000100000294927C0007000003C60000029C929100020000000437343400929200020000000437343400A00000070000000430313030A00100030000000100010000A00200040000000100000C10A00300040000000100000910A21700030000000100020000A30100070000000101000000A40200030000000100000000A40300030000000100000000A40500030000000100200000A40600030000000100000000A43200050000000400000662A43300020000000600000682A434000200000023000006880000000000000001000000140000000B00000005323031383A31313A30332031343A30373A333800323031383A31313A30332031343A30373A3338000000D7AD000031E7000295F7000122F9000093050000867500000000000000010000011F000000644170706C6520694F530000014D4D001200010009000000010000000A000200070000022E000000EC00030007000000680000031A0004000900000001000000000005000900000001000000C70006000900000001000000690007000900000001000000010008000A0000000300000382000E00090000000100000004001400090000000100000002001600020000001D0000039A001700090000000100000000001900090000000100000000001A000200000006000003B8001F000900000001000000000025000900000001000000000026000900000001000000000027000A00000001000003BE0000000062706C69737430304F1102005201610168016A01660151011A01CF00950067004C00630070007B00BE000A014601510158015A0153013D010601BC0084005D0043005A006E00690090008D0031013E014001410137012301F700
1000018;2000005;FFD8FFE000104A46494600010100004800480000FFE107AE4578696600004D4D002A00000008000A010F0002000000060000008601100002000000090000008C011200030000000100060000011A00050000000100000096011B0005000000010000009E0128000300000001000200000131000200000007000000A60132000200000014000000AE8769000400000001000000C28825000400000001000006AC000000004170706C65006950686F6E65203700000000004800000001000000480000000131322E302E310000323031383A31313A30332031343A30373A343400001F829A0005000000010000023C829D000500000001000002448822000300000001000200008827000300000001007D000090000007000000043032323190030002000000140000024C9004000200000014000002609101000700000004010203009201000A000000010000027492020005000000010000027C9203000A00000001000002849204000A000000010000028C920700030000000100050000920900030000000100190000920A00050000000100000294927C0007000003C60000029C929100020000000434373200929200020000000434373200A00000070000000430313030A00100030000000100010000A00200040000000100000C10A00300040000000100000910A21700030000000100020000A30100070000000101000000A40200030000000100000000A40300030000000100000000A40500030000000100200000A40600030000000100000000A43200050000000400000662A43300020000000600000682A434000200000023000006880000000000000001000000140000000B00000005323031383A31313A30332031343A30373A343400323031383A31313A30332031343A30373A3434000000D7AD000031E7000295F7000122F90000A85C0000AD9500000000000000010000011F000000644170706C6520694F530000014D4D001200010009000000010000000A000200070000022E000000EC00030007000000680000031A0004000900000001000000000005000900000001000000C80006000900000001000000750007000900000001000000010008000A0000000300000382000E00090000000100000004001400090000000100000002001600020000001D0000039A001700090000000100000000001900090000000100000000001A000200000006000003B8001F000900000001000000000025000900000001000000000026000900000001000000000027000A00000001000003BE0000000062706C69737430304F1102008C019E01A801AD01AA01970162010901C0008600610069008700A100A900060176018A01900195018D017B014C01F800B0007D0059006C007B009100A200DD005301630169016701650153013101
1000019;2000010;FFD8FFE000104A46494600010100004800480000FFE1012E4578696600004D4D002A000000080007010600030000000100020000011A00050000000100000062011B0005000000010000006A012800030000000100020000013100020000001C0000007201320002000000140000008E8769000400000001000000A2000000000000004800000001000000480000000141646F62652050686F746F73686F70204353352057696E646F777300323031373A30383A31312031353A30373A31350000069000000700000004303232309004000200000014000000F0A00100030000000100010000A00200040000000100000101A00300040000000100000145A4200002000000210000010400000000323031373A30383A31312031343A34363A32360061666637623033653464613932393164303030303030303030303030303030300000FFE109C2687474703A2F2F6E732E61646F62652E636F6D2F7861702F312E302F003C3F787061636B657420626567696E3D22EFBBBF222069643D2257354D304D7043656869487A7265537A4E54637A6B633964223F3E203C783A786D706D65746120786D6C6E733A783D2261646F62653A6E733A6D6574612F2220783A786D70746B3D22584D5020436F726520352E342E30223E203C7264663A52444620786D6C6E733A7264663D22687474703A2F2F7777772E77332E6F72672F313939392F30322F32322D7264662D73796E7461782D6E7323223E203C7264663A4465736372697074696F6E207264663A61626F75743D222220786D6C6E733A786D703D22687474703A2F2F6E732E61646F62652E636F6D2F7861702F312E302F2220786D703A437265617465446174653D22323031372D30382D31315431343A34363A32362220786D703A43726561746F72546F6F6C3D2241646F62652050686F746F73686F70204353352057696E646F77732220786D703A4D6F64696679446174653D22323031372D30382D31315431353A30373A3135222F3E203C2F7264663A5244463E203C2F783A786D706D6574613E2020202020202020202020202020202020202020202020202020202020202020202020202020202020202020202020202020202020202020202020202020202020202020202020202020202020202020202020202020202020202020202020202020202020202020202020202020202020202020202020202020202020202020202020202020202020202020202020202020202020202020202020202020202020202020202020202020202020202020202020202020202020202020202020202020202020202020202020202020202020202020202020202020202020202020202020202020202020202020202020202020202020202020202020202020202020202020202020202020202020
1000020;2000010;FFD8FFE000104A46494600010100004800480000FFE1012E4578696600004D4D002A000000080007010600030000000100020000011A00050000000100000062011B0005000000010000006A012800030000000100020000013100020000001C0000007201320002000000140000008E8769000400000001000000A2000000000000004800000001000000480000000141646F62652050686F746F73686F70204353352057696E646F777300323031373A30383A31312031353A30373A31350000069000000700000004303232309004000200000014000000F0A00100030000000100010000A00200040000000100000101A00300040000000100000145A4200002000000210000010400000000323031373A30383A31312031343A34363A32360061666637623033653464613932393164303030303030303030303030303030300000FFE109C2687474703A2F2F6E732E61646F62652E636F6D2F7861702F312E302F003C3F787061636B657420626567696E3D22EFBBBF222069643D2257354D304D7043656869487A7265537A4E54637A6B633964223F3E203C783A786D706D65746120786D6C6E733A783D2261646F62653A6E733A6D6574612F2220783A786D70746B3D22584D5020436F726520352E342E30223E203C7264663A52444620786D6C6E733A7264663D22687474703A2F2F7777772E77332E6F72672F313939392F30322F32322D7264662D73796E7461782D6E7323223E203C7264663A4465736372697074696F6E207264663A61626F75743D222220786D6C6E733A786D703D22687474703A2F2F6E732E61646F62652E636F6D2F7861702F312E302F2220786D703A437265617465446174653D22323031372D30382D31315431343A34363A32362220786D703A43726561746F72546F6F6C3D2241646F62652050686F746F73686F70204353352057696E646F77732220786D703A4D6F64696679446174653D22323031372D30382D31315431353A30373A3135222F3E203C2F7264663A5244463E203C2F783A786D706D6574613E2020202020202020202020202020202020202020202020202020202020202020202020202020202020202020202020202020202020202020202020202020202020202020202020202020202020202020202020202020202020202020202020202020202020202020202020202020202020202020202020202020202020202020202020202020202020202020202020202020202020202020202020202020202020202020202020202020202020202020202020202020202020202020202020202020202020202020202020202020202020202020202020202020202020202020202020202020202020202020202020202020202020202020202020202020202020202020202020202020202020
1000021;2000010;FFD8FFE000104A46494600010100004800480000FFE1012E4578696600004D4D002A000000080007010600030000000100020000011A00050000000100000062011B0005000000010000006A012800030000000100020000013100020000001C0000007201320002000000140000008E8769000400000001000000A2000000000000004800000001000000480000000141646F62652050686F746F73686F70204353352057696E646F777300323031373A30383A31312031353A30373A31350000069000000700000004303232309004000200000014000000F0A00100030000000100010000A00200040000000100000101A00300040000000100000145A4200002000000210000010400000000323031373A30383A31312031343A34363A32360061666637623033653464613932393164303030303030303030303030303030300000FFE109C2687474703A2F2F6E732E61646F62652E636F6D2F7861702F312E302F003C3F787061636B657420626567696E3D22EFBBBF222069643D2257354D304D7043656869487A7265537A4E54637A6B633964223F3E203C783A786D706D65746120786D6C6E733A783D2261646F62653A6E733A6D6574612F2220783A786D70746B3D22584D5020436F726520352E342E30223E203C7264663A52444620786D6C6E733A7264663D22687474703A2F2F7777772E77332E6F72672F313939392F30322F32322D7264662D73796E7461782D6E7323223E203C7264663A4465736372697074696F6E207264663A61626F75743D222220786D6C6E733A786D703D22687474703A2F2F6E732E61646F62652E636F6D2F7861702F312E302F2220786D703A437265617465446174653D22323031372D30382D31315431343A34363A32362220786D703A43726561746F72546F6F6C3D2241646F62652050686F746F73686F70204353352057696E646F77732220786D703A4D6F64696679446174653D22323031372D30382D31315431353A30373A3135222F3E203C2F7264663A5244463E203C2F783A786D706D6574613E2020202020202020202020202020202020202020202020202020202020202020202020202020202020202020202020202020202020202020202020202020202020202020202020202020202020202020202020202020202020202020202020202020202020202020202020202020202020202020202020202020202020202020202020202020202020202020202020202020202020202020202020202020202020202020202020202020202020202020202020202020202020202020202020202020202020202020202020202020202020202020202020202020202020202020202020202020202020202020202020202020202020202020202020202020202020202020202020202020202020
1000022;2000011;FFD8FFE000104A46494600010100000100010000FFDB00430001010101010101010101010101010101010101010101010101010101010101010101010101010101010101010101010101010101010101010101010101010101FFDB00430101010101010101010101010101010101010101010101010101010101010101010101010101010101010101010101010101010101010101010101010101010101FFC000110802D1025D03012200021101031101FFC4001F00000104020301010000000000000000000604050708030900020A010BFFC40056100002020103030401020501050306021B01020311040512210006310713224151143208234261711509335281911624B13443627273A1B2B3C117253574D13682B40A26375363758384C2E1F1185492F0A2C3D3FFC4001C0100010501010100000000000000000000050203040607000108FFC4004211000102040305060601030206020203010102110003213104415105126171812291A1B1C1F0061332D1E1F142145272628215233392A2C224B234730725F2E2FFDA000C03010002110311003F00F530C4CD2323280482CDC1883B2D6D0641EE714400DB459BF147AEB3C8AAC004F7370AF1448FFD2ABB3F7C7F81E00E952FC98AB523058C12A2F705B3B29F70ADCD7C7C8783F43AC52831305522473CEE6F01456EBF14CA3CF8AA15D66F1688EAB20A08084345B6B83C8E46D0DE085ADC471E57CFDE3824665562403183B680219ACEE5E76FC5A8D5D90081D29653201B9559911E895DA815EB9DD7E78E05F826BC83D62588889250C8A164DA04641014292AAE013B81236F9F3F75D74747496765E58161BD583551427CDB5D1522BE8781E7C1C6640D2A1D8244DC19881459D80F22CEE06FC82B64EE22F8EBB98CC84166A6A2114005189AF88201016B93B8DF00FF009E12AC0A2C643282A581F890091B528F9D8281F37F67AE8E8EAED3093E3B54329DC1A81A1F42AC724DD9FC1FC594C566122057A4F0AE86C991AC906FC28BDA09FBB2411C0528BB5963320057E4C49DC428E0067374459F26EB9F0075D5654190A98F180807EF24150E3E3B9CDED0A545A9E3E46C707AE8E8F91200644DE50B0660F56CC0D7C402285026893E0F8E7AC7241346919817E028053E48AB720026B731627EAB8ABE94AB812AC6EE23326E28A4A7C79F0A4F210D920FF922F9BEAB21656586CBC459439636C37134B676FF00505B0B448347EBAE8E8E88AC1419157DC7DA9B4037158259837009045114281279EBE190988217A72E47164800D0FB1E6B735DD87FAAB3D320A852034AACACCD48A76824F1679AB1C59346FC02456389646FD9180EAE1999DB9B503772410D6BB410A079FEDD34A5BD99B95EDF6EE8F40511476F0CBF1EC42D48D76382C5A47F07805C0FB6F249205F047DD8279EBAA44B476D
1000023;2000011;FFD8FFE000104A46494600010100000100010000FFDB00430001010101010101010101010101010101010101010101010101010101010101010101010101010101010101010101010101010101010101010101010101010101FFDB00430101010101010101010101010101010101010101010101010101010101010101010101010101010101010101010101010101010101010101010101010101010101FFC0001108019F01A803012200021101031101FFC4001F000002020203010101000000000000000006070508040900030A02010BFFC4003E10000202010303040103030204050401050102031104051221000631071322415108143223426115710924528116336291A1172543B118537282C1D1FFC4001C0100020301010101000000000000000000040502030601070008FFC4003F110001020404040406010206010403010101021100032131044151611271819105A1B1F0132232C1D1E1F106421423335262827207A2B2C21592D216F2FFDA000C03010002110311003F00F466BB9F4A9256959F74728DA8B6149524127C6E5B37B8F02EC8E3AC0C3F721874CDA0D1D91C8B760F0CA082681346C817E2AFA90D2999B45963565FEA162A58022B6D15FAF27C2D580413641EBAF15195F4FF00701FE9CAB1D78500DDD8E410A48AFAAF20F81F83E5BF0CB25EA1276CAD1FA20D091A411C90206632D11B415A14403C1E7906830622AECFDF818CCAAF89345B14280431E0D804FC40E4A8039FF7FE366C99428374C369DBE545850148E5B90406FF00D20D1B040FC637B319899639149646360EE000F2DFEE083FE2C1A1547AB54122A5DCFD9BA47D19D851245046CC0B93B542A0E07C7E2CCC7FB4582BE0DF00F51D932CD0C8E1A40AA26566DC006082CF04D59E6AAB81E01BB39B8A488502DB6DA0D76A0ED06E987DDAD8FA02B8A3C44E554D912962596374DC091C97BA26B8BFA65F06BFDFA8AC01C2406719F211F44B626448E77A9DAAE0A92695994720A8BE0935F83628037D61CC15B3C5AC9FC4025CFC792079FBFA35567E44D513D67E1C25529C522ED627C8BF36072508269879BAEA2A7FDC2E758F946DC15614D65AC503CA82A6EEFC8E2C9E0798EE2CCC79BD3CA268B91B79B88ECCC7032F21554344A621B859E76FC8ADD103F27C93C1EA3246982644D1178FDAE0B258200AFEEF001E18557F8E0F538DEC891D9936AA98C1268FCBC59F14A07344583FEDD7C4F045ED676E7FE8042631FC43DA8624B1E58571F44D5DADD7432FEA395BD06B168B8D3339E5D35812C4CE9B2355C6809DE91BAC8EDB8004DFC4792092093C902B93F5D32DA4632427E6006DA093B813B49616681039F036D9166FCA8B0E290663C90131A0642CEA01D8836D80BC9047F2F3FE091D33E3C9D1E1C7C49B372F2B7C2B2062022210E1490ECFB40FE23C
1000024;2000011;FFD8FFE000104A46494600010100000100010000FFDB00430006040506050406060506070706080A100A0A09090A140E0F0C1017141818171416161A1D251F1A1B231C1616202C20232627292A29191F2D302D283025282928FFDB0043010707070A080A130A0A13281A161A2828282828282828282828282828282828282828282828282828282828282828282828282828282828282828282828282828FFC000110805A0043003012200021101031101FFC4001D000001050101010100000000000000000000010203040506070809FFC400481000010303030205030204040501070109010002110304211231410551061322617132819114A1072342B11552C1D124336272F0E116253443538292F108172644633554A3C2FFC4001A010003010101010000000000000000000000010203040506FFC4002D1101010002020202020202020202030100000102110321123104411351223205611442719152811523A143FFDA000C03010002110311003F00F6EF62976DCA4F94A36FDD70BAC6FC984BCFCA4F947B4A003829783BC246F684139F4B5C63FCA10477090A7329547471ED0ACD2B37021E5BA8F62E5531B4AD8AB0E8C367EE1268B926196FABDB580B5A952130FA2D856C5BD3DDA002B4C78F68B9E9806DEF88FF00E13FFF00604E16D7B3FF00C301FF00DE17460404AAFF00144FE4AE705B5D6268C7FF0072575B576B4B9D4CC0ED95D124201E12FC307E4AE5C3A47D2FFBB084A0E3631F0BA575363865A3F0A275A523C429BC37E95391805D1BE3E52CF382B5EA74F63B70D23DC4A86AF4D6BC000BA981CB312A7F153F38CED8E0A3938562A74EBA6BFF0094E63E9FFD532A0ACC7D131518E889D40614DC6C54CA51DBB23109AD7B4FD2E691EC53B7EEA4C44E1081EC8DC1402C8846DEC937E528F640270963E135CE0DC9C7BA76100707947EC840401BA3E5012FCEE1009F794BBEE308211F94000E374BB1482394A0C8DD007C23BEE83928E500B3C028FC244A30613004238EC97B225203841DD20C94A9901B2107784BF6401844E3DD1C202000794A910805FB21272946E72802708CF128C13B2394028F8423290EDDE100BCA09313FB206C819E100B99DD20DFEC8FB25F64C018289846610100A09EF0943BDD21C0412807494071E1C4268C84BC7B23647798F91EA2528A8FEE53251BA024F3AAF0F297F5155A3EB2A23F7051384C6930B9AB1F5A3F55580C3D448E11BA5A89BF5558443B297F595BB895073C20EC11BA35163F595FB84FFD6D59DFF7554EE913F2A3516C5FD5E6538750AA073F954A7E12947951E3174751A806653875277FD4B3CE02213F3A5E31A43A93BB94ADEA7DE41F70B3394BF29F9D1E11A83A98EFFB270EA63BFECB244C208EE11F928F08D81D4987B270EA0CFF00A56298440EC13FC94BC23705FD3F64EF